year,value,measurement,quantile,slope,intercept,r_squared,p_value
2000,89.918789,bust-eu,p99,0.279004,-469.884294,0.570556,0.000013
2001,89.429959,bust-eu,p99,0.279004,-469.884294,0.570556,0.000013
2002,89.390769,bust-eu,p99,0.279004,-469.884294,0.570556,0.000013
2003,89.292523,bust-eu,p99,0.279004,-469.884294,0.570556,0.000013
2004,90.178303,bust-eu,p99,0.279004,-469.884294,0.570556,0.000013
2005,90.222580,bust-eu,p99,0.279004,-469.884294,0.570556,0.000013
2006,90.207410,bust-eu,p99,0.279004,-469.884294,0.570556,0.000013
2007,90.157021,bust-eu,p99,0.279004,-469.884294,0.570556,0.000013
2008,91.640074,bust-eu,p99,0.279004,-469.884294,0.570556,0.000013
2009,90.317273,bust-eu,p99,0.279004,-469.884294,0.570556,0.000013
2010,90.515054,bust-eu,p99,0.279004,-469.884294,0.570556,0.000013
2011,88.777322,bust-eu,p99,0.279004,-469.884294,0.570556,0.000013
2012,89.513417,bust-eu,p99,0.279004,-469.884294,0.570556,0.000013
2013,89.791268,bust-eu,p99,0.279004,-469.884294,0.570556,0.000013
2014,89.715265,bust-eu,p99,0.279004,-469.884294,0.570556,0.000013
2015,89.893480,bust-eu,p99,0.279004,-469.884294,0.570556,0.000013
2016,90.912157,bust-eu,p99,0.279004,-469.884294,0.570556,0.000013
2017,91.428245,bust-eu,p99,0.279004,-469.884294,0.570556,0.000013
2018,92.944957,bust-eu,p99,0.279004,-469.884294,0.570556,0.000013
2019,91.876845,bust-eu,p99,0.279004,-469.884294,0.570556,0.000013
2020,92.142705,bust-eu,p99,0.279004,-469.884294,0.570556,0.000013
2021,97.036895,bust-eu,p99,0.279004,-469.884294,0.570556,0.000013
2022,98.278592,bust-eu,p99,0.279004,-469.884294,0.570556,0.000013
2023,96.961738,bust-eu,p99,0.279004,-469.884294,0.570556,0.000013
2024,96.249640,bust-eu,p99,0.279004,-469.884294,0.570556,0.000013
2000,66.729579,waist-eu,p99,0.548236,-1031.704084,0.690934,0.000000
2001,66.582413,waist-eu,p99,0.548236,-1031.704084,0.690934,0.000000
2002,66.675397,waist-eu,p99,0.548236,-1031.704084,0.690934,0.000000
2003,66.464831,waist-eu,p99,0.548236,-1031.704084,0.690934,0.000000
2004,66.651550,waist-eu,p99,0.548236,-1031.704084,0.690934,0.000000
2005,69.100028,waist-eu,p99,0.548236,-1031.704084,0.690934,0.000000
2006,69.121565,waist-eu,p99,0.548236,-1031.704084,0.690934,0.000000
2007,69.034743,waist-eu,p99,0.548236,-1031.704084,0.690934,0.000000
2008,74.313143,waist-eu,p99,0.548236,-1031.704084,0.690934,0.000000
2009,68.918718,waist-eu,p99,0.548236,-1031.704084,0.690934,0.000000
2010,69.402716,waist-eu,p99,0.548236,-1031.704084,0.690934,0.000000
2011,68.719769,waist-eu,p99,0.548236,-1031.704084,0.690934,0.000000
2012,67.446217,waist-eu,p99,0.548236,-1031.704084,0.690934,0.000000
2013,68.384469,waist-eu,p99,0.548236,-1031.704084,0.690934,0.000000
2014,68.874611,waist-eu,p99,0.548236,-1031.704084,0.690934,0.000000
2015,69.407163,waist-eu,p99,0.548236,-1031.704084,0.690934,0.000000
2016,70.516700,waist-eu,p99,0.548236,-1031.704084,0.690934,0.000000
2017,72.099478,waist-eu,p99,0.548236,-1031.704084,0.690934,0.000000
2018,74.529529,waist-eu,p99,0.548236,-1031.704084,0.690934,0.000000
2019,73.325928,waist-eu,p99,0.548236,-1031.704084,0.690934,0.000000
2020,74.606033,waist-eu,p99,0.548236,-1031.704084,0.690934,0.000000
2021,81.505236,waist-eu,p99,0.548236,-1031.704084,0.690934,0.000000
2022,81.544390,waist-eu,p99,0.548236,-1031.704084,0.690934,0.000000
2023,80.642844,waist-eu,p99,0.548236,-1031.704084,0.690934,0.000000
2024,79.072230,waist-eu,p99,0.548236,-1031.704084,0.690934,0.000000
2000,92.398758,hips-eu,p99,0.630373,-1169.350544,0.697994,0.000000
2001,92.206787,hips-eu,p99,0.630373,-1169.350544,0.697994,0.000000
2002,92.379999,hips-eu,p99,0.630373,-1169.350544,0.697994,0.000000
2003,91.810323,hips-eu,p99,0.630373,-1169.350544,0.697994,0.000000
2004,93.752883,hips-eu,p99,0.630373,-1169.350544,0.697994,0.000000
2005,96.962848,hips-eu,p99,0.630373,-1169.350544,0.697994,0.000000
2006,97.000000,hips-eu,p99,0.630373,-1169.350544,0.697994,0.000000
2007,96.911963,hips-eu,p99,0.630373,-1169.350544,0.697994,0.000000
2008,104.018893,hips-eu,p99,0.630373,-1169.350544,0.697994,0.000000
2009,98.689375,hips-eu,p99,0.630373,-1169.350544,0.697994,0.000000
2010,95.106048,hips-eu,p99,0.630373,-1169.350544,0.697994,0.000000
2011,98.000000,hips-eu,p99,0.630373,-1169.350544,0.697994,0.000000
2012,95.228890,hips-eu,p99,0.630373,-1169.350544,0.697994,0.000000
2013,97.259440,hips-eu,p99,0.630373,-1169.350544,0.697994,0.000000
2014,96.396258,hips-eu,p99,0.630373,-1169.350544,0.697994,0.000000
2015,96.479304,hips-eu,p99,0.630373,-1169.350544,0.697994,0.000000
2016,98.630678,hips-eu,p99,0.630373,-1169.350544,0.697994,0.000000
2017,99.846856,hips-eu,p99,0.630373,-1169.350544,0.697994,0.000000
2018,101.729285,hips-eu,p99,0.630373,-1169.350544,0.697994,0.000000
2019,99.624694,hips-eu,p99,0.630373,-1169.350544,0.697994,0.000000
2020,102.726301,hips-eu,p99,0.630373,-1169.350544,0.697994,0.000000
2021,109.160838,hips-eu,p99,0.630373,-1169.350544,0.697994,0.000000
2022,110.580660,hips-eu,p99,0.630373,-1169.350544,0.697994,0.000000
2023,108.042337,hips-eu,p99,0.630373,-1169.350544,0.697994,0.000000
2024,109.065896,hips-eu,p99,0.630373,-1169.350544,0.697994,0.000000
2000,22.224245,rfm,p99,0.396277,-771.697783,0.746153,0.000000
2001,22.095962,rfm,p99,0.396277,-771.697783,0.746153,0.000000
2002,22.176603,rfm,p99,0.396277,-771.697783,0.746153,0.000000
2003,22.024493,rfm,p99,0.396277,-771.697783,0.746153,0.000000
2004,22.145690,rfm,p99,0.396277,-771.697783,0.746153,0.000000
2005,23.504273,rfm,p99,0.396277,-771.697783,0.746153,0.000000
2006,23.511656,rfm,p99,0.396277,-771.697783,0.746153,0.000000
2007,23.497242,rfm,p99,0.396277,-771.697783,0.746153,0.000000
2008,27.662331,rfm,p99,0.396277,-771.697783,0.746153,0.000000
2009,24.016013,rfm,p99,0.396277,-771.697783,0.746153,0.000000
2010,24.349888,rfm,p99,0.396277,-771.697783,0.746153,0.000000
2011,24.334563,rfm,p99,0.396277,-771.697783,0.746153,0.000000
2012,23.609482,rfm,p99,0.396277,-771.697783,0.746153,0.000000
2013,24.165740,rfm,p99,0.396277,-771.697783,0.746153,0.000000
2014,24.015533,rfm,p99,0.396277,-771.697783,0.746153,0.000000
2015,24.055070,rfm,p99,0.396277,-771.697783,0.746153,0.000000
2016,25.216379,rfm,p99,0.396277,-771.697783,0.746153,0.000000
2017,26.208044,rfm,p99,0.396277,-771.697783,0.746153,0.000000
2018,28.767764,rfm,p99,0.396277,-771.697783,0.746153,0.000000
2019,27.122136,rfm,p99,0.396277,-771.697783,0.746153,0.000000
2020,27.796661,rfm,p99,0.396277,-771.697783,0.746153,0.000000
2021,32.270302,rfm,p99,0.396277,-771.697783,0.746153,0.000000
2022,32.291638,rfm,p99,0.396277,-771.697783,0.746153,0.000000
2023,32.062518,rfm,p99,0.396277,-771.697783,0.746153,0.000000
2024,31.144708,rfm,p99,0.396277,-771.697783,0.746153,0.000000
2000,88.128496,bust-eu,p95,-0.037675,163.288708,0.149101,0.056581
2001,87.488377,bust-eu,p95,-0.037675,163.288708,0.149101,0.056581
2002,87.857280,bust-eu,p95,-0.037675,163.288708,0.149101,0.056581
2003,88.188873,bust-eu,p95,-0.037675,163.288708,0.149101,0.056581
2004,88.312996,bust-eu,p95,-0.037675,163.288708,0.149101,0.056581
2005,89.100468,bust-eu,p95,-0.037675,163.288708,0.149101,0.056581
2006,89.059617,bust-eu,p95,-0.037675,163.288708,0.149101,0.056581
2007,87.390589,bust-eu,p95,-0.037675,163.288708,0.149101,0.056581
2008,87.711967,bust-eu,p95,-0.037675,163.288708,0.149101,0.056581
2009,87.039529,bust-eu,p95,-0.037675,163.288708,0.149101,0.056581
2010,87.133547,bust-eu,p95,-0.037675,163.288708,0.149101,0.056581
2011,86.597546,bust-eu,p95,-0.037675,163.288708,0.149101,0.056581
2012,86.756708,bust-eu,p95,-0.037675,163.288708,0.149101,0.056581
2013,87.007757,bust-eu,p95,-0.037675,163.288708,0.149101,0.056581
2014,86.852236,bust-eu,p95,-0.037675,163.288708,0.149101,0.056581
2015,86.767849,bust-eu,p95,-0.037675,163.288708,0.149101,0.056581
2016,86.640926,bust-eu,p95,-0.037675,163.288708,0.149101,0.056581
2017,86.975969,bust-eu,p95,-0.037675,163.288708,0.149101,0.056581
2018,86.971255,bust-eu,p95,-0.037675,163.288708,0.149101,0.056581
2019,86.774348,bust-eu,p95,-0.037675,163.288708,0.149101,0.056581
2020,86.925879,bust-eu,p95,-0.037675,163.288708,0.149101,0.056581
2021,87.977870,bust-eu,p95,-0.037675,163.288708,0.149101,0.056581
2022,87.862197,bust-eu,p95,-0.037675,163.288708,0.149101,0.056581
2023,87.667317,bust-eu,p95,-0.037675,163.288708,0.149101,0.056581
2024,87.973381,bust-eu,p95,-0.037675,163.288708,0.149101,0.056581
2000,63.819115,waist-eu,p95,0.113881,-164.685885,0.465946,0.000170
2001,63.628957,waist-eu,p95,0.113881,-164.685885,0.465946,0.000170
2002,63.764154,waist-eu,p95,0.113881,-164.685885,0.465946,0.000170
2003,63.674965,waist-eu,p95,0.113881,-164.685885,0.465946,0.000170
2004,63.756607,waist-eu,p95,0.113881,-164.685885,0.465946,0.000170
2005,63.922077,waist-eu,p95,0.113881,-164.685885,0.465946,0.000170
2006,63.735429,waist-eu,p95,0.113881,-164.685885,0.465946,0.000170
2007,63.635666,waist-eu,p95,0.113881,-164.685885,0.465946,0.000170
2008,64.000000,waist-eu,p95,0.113881,-164.685885,0.465946,0.000170
2009,64.261949,waist-eu,p95,0.113881,-164.685885,0.465946,0.000170
2010,64.077590,waist-eu,p95,0.113881,-164.685885,0.465946,0.000170
2011,63.888661,waist-eu,p95,0.113881,-164.685885,0.465946,0.000170
2012,63.755208,waist-eu,p95,0.113881,-164.685885,0.465946,0.000170
2013,63.848057,waist-eu,p95,0.113881,-164.685885,0.465946,0.000170
2014,64.073016,waist-eu,p95,0.113881,-164.685885,0.465946,0.000170
2015,64.357132,waist-eu,p95,0.113881,-164.685885,0.465946,0.000170
2016,64.242657,waist-eu,p95,0.113881,-164.685885,0.465946,0.000170
2017,63.819357,waist-eu,p95,0.113881,-164.685885,0.465946,0.000170
2018,64.161730,waist-eu,p95,0.113881,-164.685885,0.465946,0.000170
2019,63.824119,waist-eu,p95,0.113881,-164.685885,0.465946,0.000170
2020,64.613696,waist-eu,p95,0.113881,-164.685885,0.465946,0.000170
2021,67.621414,waist-eu,p95,0.113881,-164.685885,0.465946,0.000170
2022,67.209226,waist-eu,p95,0.113881,-164.685885,0.465946,0.000170
2023,67.629012,waist-eu,p95,0.113881,-164.685885,0.465946,0.000170
2024,65.754317,waist-eu,p95,0.113881,-164.685885,0.465946,0.000170
2000,90.397434,hips-eu,p95,0.089754,-89.600246,0.602930,0.000005
2001,90.288347,hips-eu,p95,0.089754,-89.600246,0.602930,0.000005
2002,90.322942,hips-eu,p95,0.089754,-89.600246,0.602930,0.000005
2003,90.223325,hips-eu,p95,0.089754,-89.600246,0.602930,0.000005
2004,90.404024,hips-eu,p95,0.089754,-89.600246,0.602930,0.000005
2005,90.555281,hips-eu,p95,0.089754,-89.600246,0.602930,0.000005
2006,90.314654,hips-eu,p95,0.089754,-89.600246,0.602930,0.000005
2007,90.320009,hips-eu,p95,0.089754,-89.600246,0.602930,0.000005
2008,90.377177,hips-eu,p95,0.089754,-89.600246,0.602930,0.000005
2009,90.381826,hips-eu,p95,0.089754,-89.600246,0.602930,0.000005
2010,90.561377,hips-eu,p95,0.089754,-89.600246,0.602930,0.000005
2011,91.139257,hips-eu,p95,0.089754,-89.600246,0.602930,0.000005
2012,90.441038,hips-eu,p95,0.089754,-89.600246,0.602930,0.000005
2013,90.750732,hips-eu,p95,0.089754,-89.600246,0.602930,0.000005
2014,91.334843,hips-eu,p95,0.089754,-89.600246,0.602930,0.000005
2015,91.377446,hips-eu,p95,0.089754,-89.600246,0.602930,0.000005
2016,90.860961,hips-eu,p95,0.089754,-89.600246,0.602930,0.000005
2017,90.909678,hips-eu,p95,0.089754,-89.600246,0.602930,0.000005
2018,91.061471,hips-eu,p95,0.089754,-89.600246,0.602930,0.000005
2019,90.925669,hips-eu,p95,0.089754,-89.600246,0.602930,0.000005
2020,91.195235,hips-eu,p95,0.089754,-89.600246,0.602930,0.000005
2021,93.666074,hips-eu,p95,0.089754,-89.600246,0.602930,0.000005
2022,92.587989,hips-eu,p95,0.089754,-89.600246,0.602930,0.000005
2023,92.372318,hips-eu,p95,0.089754,-89.600246,0.602930,0.000005
2024,91.871583,hips-eu,p95,0.089754,-89.600246,0.602930,0.000005
2000,21.034322,rfm,p95,0.108639,-197.625166,0.595508,0.000006
2001,20.065785,rfm,p95,0.108639,-197.625166,0.595508,0.000006
2002,20.152929,rfm,p95,0.108639,-197.625166,0.595508,0.000006
2003,20.087866,rfm,p95,0.108639,-197.625166,0.595508,0.000006
2004,20.311122,rfm,p95,0.108639,-197.625166,0.595508,0.000006
2005,20.346635,rfm,p95,0.108639,-197.625166,0.595508,0.000006
2006,19.969667,rfm,p95,0.108639,-197.625166,0.595508,0.000006
2007,20.087337,rfm,p95,0.108639,-197.625166,0.595508,0.000006
2008,20.122797,rfm,p95,0.108639,-197.625166,0.595508,0.000006
2009,20.499226,rfm,p95,0.108639,-197.625166,0.595508,0.000006
2010,20.473870,rfm,p95,0.108639,-197.625166,0.595508,0.000006
2011,20.523437,rfm,p95,0.108639,-197.625166,0.595508,0.000006
2012,20.429979,rfm,p95,0.108639,-197.625166,0.595508,0.000006
2013,20.853706,rfm,p95,0.108639,-197.625166,0.595508,0.000006
2014,20.645346,rfm,p95,0.108639,-197.625166,0.595508,0.000006
2015,20.834525,rfm,p95,0.108639,-197.625166,0.595508,0.000006
2016,20.890560,rfm,p95,0.108639,-197.625166,0.595508,0.000006
2017,20.907332,rfm,p95,0.108639,-197.625166,0.595508,0.000006
2018,21.095985,rfm,p95,0.108639,-197.625166,0.595508,0.000006
2019,20.725598,rfm,p95,0.108639,-197.625166,0.595508,0.000006
2020,21.348262,rfm,p95,0.108639,-197.625166,0.595508,0.000006
2021,23.311768,rfm,p95,0.108639,-197.625166,0.595508,0.000006
2022,23.290349,rfm,p95,0.108639,-197.625166,0.595508,0.000006
2023,23.253251,rfm,p95,0.108639,-197.625166,0.595508,0.000006
2024,22.636067,rfm,p95,0.108639,-197.625166,0.595508,0.000006
2000,86.926796,bust-eu,p90,-0.046078,179.000767,0.463069,0.000182
2001,86.891558,bust-eu,p90,-0.046078,179.000767,0.463069,0.000182
2002,86.885366,bust-eu,p90,-0.046078,179.000767,0.463069,0.000182
2003,86.851716,bust-eu,p90,-0.046078,179.000767,0.463069,0.000182
2004,86.865797,bust-eu,p90,-0.046078,179.000767,0.463069,0.000182
2005,86.845407,bust-eu,p90,-0.046078,179.000767,0.463069,0.000182
2006,86.841507,bust-eu,p90,-0.046078,179.000767,0.463069,0.000182
2007,86.798731,bust-eu,p90,-0.046078,179.000767,0.463069,0.000182
2008,86.686995,bust-eu,p90,-0.046078,179.000767,0.463069,0.000182
2009,86.352296,bust-eu,p90,-0.046078,179.000767,0.463069,0.000182
2010,86.376020,bust-eu,p90,-0.046078,179.000767,0.463069,0.000182
2011,85.714809,bust-eu,p90,-0.046078,179.000767,0.463069,0.000182
2012,85.693274,bust-eu,p90,-0.046078,179.000767,0.463069,0.000182
2013,86.092698,bust-eu,p90,-0.046078,179.000767,0.463069,0.000182
2014,85.520662,bust-eu,p90,-0.046078,179.000767,0.463069,0.000182
2015,85.702339,bust-eu,p90,-0.046078,179.000767,0.463069,0.000182
2016,85.834474,bust-eu,p90,-0.046078,179.000767,0.463069,0.000182
2017,85.881991,bust-eu,p90,-0.046078,179.000767,0.463069,0.000182
2018,86.171171,bust-eu,p90,-0.046078,179.000767,0.463069,0.000182
2019,85.855222,bust-eu,p90,-0.046078,179.000767,0.463069,0.000182
2020,85.384424,bust-eu,p90,-0.046078,179.000767,0.463069,0.000182
2021,86.459791,bust-eu,p90,-0.046078,179.000767,0.463069,0.000182
2022,86.051404,bust-eu,p90,-0.046078,179.000767,0.463069,0.000182
2023,86.250488,bust-eu,p90,-0.046078,179.000767,0.463069,0.000182
2024,86.351619,bust-eu,p90,-0.046078,179.000767,0.463069,0.000182
2000,62.332655,waist-eu,p90,0.057387,-52.725929,0.770820,0.000000
2001,62.300734,waist-eu,p90,0.057387,-52.725929,0.770820,0.000000
2002,62.377088,waist-eu,p90,0.057387,-52.725929,0.770820,0.000000
2003,62.295330,waist-eu,p90,0.057387,-52.725929,0.770820,0.000000
2004,62.286819,waist-eu,p90,0.057387,-52.725929,0.770820,0.000000
2005,62.288354,waist-eu,p90,0.057387,-52.725929,0.770820,0.000000
2006,62.266403,waist-eu,p90,0.057387,-52.725929,0.770820,0.000000
2007,62.291098,waist-eu,p90,0.057387,-52.725929,0.770820,0.000000
2008,62.472202,waist-eu,p90,0.057387,-52.725929,0.770820,0.000000
2009,62.569992,waist-eu,p90,0.057387,-52.725929,0.770820,0.000000
2010,62.549735,waist-eu,p90,0.057387,-52.725929,0.770820,0.000000
2011,62.482107,waist-eu,p90,0.057387,-52.725929,0.770820,0.000000
2012,62.566406,waist-eu,p90,0.057387,-52.725929,0.770820,0.000000
2013,62.799394,waist-eu,p90,0.057387,-52.725929,0.770820,0.000000
2014,62.711995,waist-eu,p90,0.057387,-52.725929,0.770820,0.000000
2015,62.754892,waist-eu,p90,0.057387,-52.725929,0.770820,0.000000
2016,62.860961,waist-eu,p90,0.057387,-52.725929,0.770820,0.000000
2017,62.956668,waist-eu,p90,0.057387,-52.725929,0.770820,0.000000
2018,62.971255,waist-eu,p90,0.057387,-52.725929,0.770820,0.000000
2019,62.656019,waist-eu,p90,0.057387,-52.725929,0.770820,0.000000
2020,62.906244,waist-eu,p90,0.057387,-52.725929,0.770820,0.000000
2021,63.623493,waist-eu,p90,0.057387,-52.725929,0.770820,0.000000
2022,63.649674,waist-eu,p90,0.057387,-52.725929,0.770820,0.000000
2023,63.951445,waist-eu,p90,0.057387,-52.725929,0.770820,0.000000
2024,63.493345,waist-eu,p90,0.057387,-52.725929,0.770820,0.000000
2000,90.183717,hips-eu,p90,0.033102,23.313619,0.321615,0.003114
2001,90.212265,hips-eu,p90,0.033102,23.313619,0.321615,0.003114
2002,89.399409,hips-eu,p90,0.033102,23.313619,0.321615,0.003114
2003,89.280592,hips-eu,p90,0.033102,23.313619,0.321615,0.003114
2004,89.321903,hips-eu,p90,0.033102,23.313619,0.321615,0.003114
2005,89.348269,hips-eu,p90,0.033102,23.313619,0.321615,0.003114
2006,89.299167,hips-eu,p90,0.033102,23.313619,0.321615,0.003114
2007,89.298105,hips-eu,p90,0.033102,23.313619,0.321615,0.003114
2008,89.391930,hips-eu,p90,0.033102,23.313619,0.321615,0.003114
2009,90.129107,hips-eu,p90,0.033102,23.313619,0.321615,0.003114
2010,90.134707,hips-eu,p90,0.033102,23.313619,0.321615,0.003114
2011,90.139257,hips-eu,p90,0.033102,23.313619,0.321615,0.003114
2012,90.000000,hips-eu,p90,0.033102,23.313619,0.321615,0.003114
2013,90.159701,hips-eu,p90,0.033102,23.313619,0.321615,0.003114
2014,90.091274,hips-eu,p90,0.033102,23.313619,0.321615,0.003114
2015,90.178566,hips-eu,p90,0.033102,23.313619,0.321615,0.003114
2016,90.078736,hips-eu,p90,0.033102,23.313619,0.321615,0.003114
2017,90.000000,hips-eu,p90,0.033102,23.313619,0.321615,0.003114
2018,89.881040,hips-eu,p90,0.033102,23.313619,0.321615,0.003114
2019,89.629065,hips-eu,p90,0.033102,23.313619,0.321615,0.003114
2020,89.736690,hips-eu,p90,0.033102,23.313619,0.321615,0.003114
2021,90.580419,hips-eu,p90,0.033102,23.313619,0.321615,0.003114
2022,90.649674,hips-eu,p90,0.033102,23.313619,0.321615,0.003114
2023,90.514808,hips-eu,p90,0.033102,23.313619,0.321615,0.003114
2024,90.216163,hips-eu,p90,0.033102,23.313619,0.321615,0.003114
2000,19.425518,rfm,p90,0.051623,-84.373293,0.619937,0.000003
2001,19.310654,rfm,p90,0.051623,-84.373293,0.619937,0.000003
2002,19.220510,rfm,p90,0.051623,-84.373293,0.619937,0.000003
2003,19.168007,rfm,p90,0.051623,-84.373293,0.619937,0.000003
2004,19.160939,rfm,p90,0.051623,-84.373293,0.619937,0.000003
2005,19.192540,rfm,p90,0.051623,-84.373293,0.619937,0.000003
2006,18.952865,rfm,p90,0.051623,-84.373293,0.619937,0.000003
2007,18.924894,rfm,p90,0.051623,-84.373293,0.619937,0.000003
2008,19.082825,rfm,p90,0.051623,-84.373293,0.619937,0.000003
2009,19.109145,rfm,p90,0.051623,-84.373293,0.619937,0.000003
2010,19.118903,rfm,p90,0.051623,-84.373293,0.619937,0.000003
2011,19.252635,rfm,p90,0.051623,-84.373293,0.619937,0.000003
2012,19.319978,rfm,p90,0.051623,-84.373293,0.619937,0.000003
2013,19.349738,rfm,p90,0.051623,-84.373293,0.619937,0.000003
2014,19.325109,rfm,p90,0.051623,-84.373293,0.619937,0.000003
2015,19.441428,rfm,p90,0.051623,-84.373293,0.619937,0.000003
2016,19.417846,rfm,p90,0.051623,-84.373293,0.619937,0.000003
2017,19.634552,rfm,p90,0.051623,-84.373293,0.619937,0.000003
2018,19.748520,rfm,p90,0.051623,-84.373293,0.619937,0.000003
2019,19.537594,rfm,p90,0.051623,-84.373293,0.619937,0.000003
2020,19.745388,rfm,p90,0.051623,-84.373293,0.619937,0.000003
2021,20.495658,rfm,p90,0.051623,-84.373293,0.619937,0.000003
2022,20.506670,rfm,p90,0.051623,-84.373293,0.619937,0.000003
2023,20.571334,rfm,p90,0.051623,-84.373293,0.619937,0.000003
2024,20.273173,rfm,p90,0.051623,-84.373293,0.619937,0.000003
2000,86.500000,bust-eu,p75,-0.138806,363.944562,0.858061,0.000000
2001,86.500000,bust-eu,p75,-0.138806,363.944562,0.858061,0.000000
2002,86.112934,bust-eu,p75,-0.138806,363.944562,0.858061,0.000000
2003,86.075029,bust-eu,p75,-0.138806,363.944562,0.858061,0.000000
2004,86.078249,bust-eu,p75,-0.138806,363.944562,0.858061,0.000000
2005,86.061225,bust-eu,p75,-0.138806,363.944562,0.858061,0.000000
2006,86.073314,bust-eu,p75,-0.138806,363.944562,0.858061,0.000000
2007,85.240910,bust-eu,p75,-0.138806,363.944562,0.858061,0.000000
2008,84.596865,bust-eu,p75,-0.138806,363.944562,0.858061,0.000000
2009,84.699099,bust-eu,p75,-0.138806,363.944562,0.858061,0.000000
2010,84.763192,bust-eu,p75,-0.138806,363.944562,0.858061,0.000000
2011,84.580512,bust-eu,p75,-0.138806,363.944562,0.858061,0.000000
2012,84.564141,bust-eu,p75,-0.138806,363.944562,0.858061,0.000000
2013,84.105082,bust-eu,p75,-0.138806,363.944562,0.858061,0.000000
2014,83.950167,bust-eu,p75,-0.138806,363.944562,0.858061,0.000000
2015,83.933458,bust-eu,p75,-0.138806,363.944562,0.858061,0.000000
2016,83.590213,bust-eu,p75,-0.138806,363.944562,0.858061,0.000000
2017,84.050646,bust-eu,p75,-0.138806,363.944562,0.858061,0.000000
2018,84.161730,bust-eu,p75,-0.138806,363.944562,0.858061,0.000000
2019,83.159214,bust-eu,p75,-0.138806,363.944562,0.858061,0.000000
2020,83.122892,bust-eu,p75,-0.138806,363.944562,0.858061,0.000000
2021,84.209000,bust-eu,p75,-0.138806,363.944562,0.858061,0.000000
2022,83.307340,bust-eu,p75,-0.138806,363.944562,0.858061,0.000000
2023,83.415109,bust-eu,p75,-0.138806,363.944562,0.858061,0.000000
2024,83.844964,bust-eu,p75,-0.138806,363.944562,0.858061,0.000000
2000,61.000000,waist-eu,p75,0.019706,21.454967,0.459907,0.000195
2001,61.000000,waist-eu,p75,0.019706,21.454967,0.459907,0.000195
2002,61.000000,waist-eu,p75,0.019706,21.454967,0.459907,0.000195
2003,61.000000,waist-eu,p75,0.019706,21.454967,0.459907,0.000195
2004,61.019086,waist-eu,p75,0.019706,21.454967,0.459907,0.000195
2005,61.000000,waist-eu,p75,0.019706,21.454967,0.459907,0.000195
2006,61.000000,waist-eu,p75,0.019706,21.454967,0.459907,0.000195
2007,61.000000,waist-eu,p75,0.019706,21.454967,0.459907,0.000195
2008,61.000000,waist-eu,p75,0.019706,21.454967,0.459907,0.000195
2009,61.000000,waist-eu,p75,0.019706,21.454967,0.459907,0.000195
2010,61.000000,waist-eu,p75,0.019706,21.454967,0.459907,0.000195
2011,61.000000,waist-eu,p75,0.019706,21.454967,0.459907,0.000195
2012,61.000000,waist-eu,p75,0.019706,21.454967,0.459907,0.000195
2013,61.079850,waist-eu,p75,0.019706,21.454967,0.459907,0.000195
2014,61.000000,waist-eu,p75,0.019706,21.454967,0.459907,0.000195
2015,61.000000,waist-eu,p75,0.019706,21.454967,0.459907,0.000195
2016,61.000000,waist-eu,p75,0.019706,21.454967,0.459907,0.000195
2017,61.000000,waist-eu,p75,0.019706,21.454967,0.459907,0.000195
2018,61.000000,waist-eu,p75,0.019706,21.454967,0.459907,0.000195
2019,61.000000,waist-eu,p75,0.019706,21.454967,0.459907,0.000195
2020,61.418462,waist-eu,p75,0.019706,21.454967,0.459907,0.000195
2021,61.343904,waist-eu,p75,0.019706,21.454967,0.459907,0.000195
2022,61.368250,waist-eu,p75,0.019706,21.454967,0.459907,0.000195
2023,61.738251,waist-eu,p75,0.019706,21.454967,0.459907,0.000195
2024,61.620384,waist-eu,p75,0.019706,21.454967,0.459907,0.000195
2000,89.210796,hips-eu,p75,-0.007752,104.642995,0.675442,0.000000
2001,89.152164,hips-eu,p75,-0.007752,104.642995,0.675442,0.000000
2002,89.149298,hips-eu,p75,-0.007752,104.642995,0.675442,0.000000
2003,89.130535,hips-eu,p75,-0.007752,104.642995,0.675442,0.000000
2004,89.131049,hips-eu,p75,-0.007752,104.642995,0.675442,0.000000
2005,89.122451,hips-eu,p75,-0.007752,104.642995,0.675442,0.000000
2006,89.121565,hips-eu,p75,-0.007752,104.642995,0.675442,0.000000
2007,89.114389,hips-eu,p75,-0.007752,104.642995,0.675442,0.000000
2008,89.000000,hips-eu,p75,-0.007752,104.642995,0.675442,0.000000
2009,89.000000,hips-eu,p75,-0.007752,104.642995,0.675442,0.000000
2010,89.000000,hips-eu,p75,-0.007752,104.642995,0.675442,0.000000
2011,89.000000,hips-eu,p75,-0.007752,104.642995,0.675442,0.000000
2012,89.000000,hips-eu,p75,-0.007752,104.642995,0.675442,0.000000
2013,89.000000,hips-eu,p75,-0.007752,104.642995,0.675442,0.000000
2014,89.000000,hips-eu,p75,-0.007752,104.642995,0.675442,0.000000
2015,89.000000,hips-eu,p75,-0.007752,104.642995,0.675442,0.000000
2016,89.000000,hips-eu,p75,-0.007752,104.642995,0.675442,0.000000
2017,89.000000,hips-eu,p75,-0.007752,104.642995,0.675442,0.000000
2018,89.000000,hips-eu,p75,-0.007752,104.642995,0.675442,0.000000
2019,89.000000,hips-eu,p75,-0.007752,104.642995,0.675442,0.000000
2020,89.000000,hips-eu,p75,-0.007752,104.642995,0.675442,0.000000
2021,89.000000,hips-eu,p75,-0.007752,104.642995,0.675442,0.000000
2022,89.000000,hips-eu,p75,-0.007752,104.642995,0.675442,0.000000
2023,89.000000,hips-eu,p75,-0.007752,104.642995,0.675442,0.000000
2024,89.000000,hips-eu,p75,-0.007752,104.642995,0.675442,0.000000
2000,18.235776,rfm,p75,0.006732,4.659527,0.071525,0.196204
2001,18.235541,rfm,p75,0.006732,4.659527,0.071525,0.196204
2002,18.242231,rfm,p75,0.006732,4.659527,0.071525,0.196204
2003,18.378704,rfm,p75,0.006732,4.659527,0.071525,0.196204
2004,18.330982,rfm,p75,0.006732,4.659527,0.071525,0.196204
2005,18.236778,rfm,p75,0.006732,4.659527,0.071525,0.196204
2006,18.356941,rfm,p75,0.006732,4.659527,0.071525,0.196204
2007,18.225067,rfm,p75,0.006732,4.659527,0.071525,0.196204
2008,17.890685,rfm,p75,0.006732,4.659527,0.071525,0.196204
2009,17.927123,rfm,p75,0.006732,4.659527,0.071525,0.196204
2010,17.933851,rfm,p75,0.006732,4.659527,0.071525,0.196204
2011,17.953449,rfm,p75,0.006732,4.659527,0.071525,0.196204
2012,18.112866,rfm,p75,0.006732,4.659527,0.071525,0.196204
2013,18.056544,rfm,p75,0.006732,4.659527,0.071525,0.196204
2014,18.026169,rfm,p75,0.006732,4.659527,0.071525,0.196204
2015,18.071363,rfm,p75,0.006732,4.659527,0.071525,0.196204
2016,18.129338,rfm,p75,0.006732,4.659527,0.071525,0.196204
2017,18.186886,rfm,p75,0.006732,4.659527,0.071525,0.196204
2018,18.244649,rfm,p75,0.006732,4.659527,0.071525,0.196204
2019,18.087792,rfm,p75,0.006732,4.659527,0.071525,0.196204
2020,18.323856,rfm,p75,0.006732,4.659527,0.071525,0.196204
2021,18.535742,rfm,p75,0.006732,4.659527,0.071525,0.196204
2022,18.393229,rfm,p75,0.006732,4.659527,0.071525,0.196204
2023,18.508829,rfm,p75,0.006732,4.659527,0.071525,0.196204
2024,18.495102,rfm,p75,0.006732,4.659527,0.071525,0.196204
2000,85.304602,bust-eu,p50,-0.203192,491.289814,0.900250,0.000000
2001,85.253020,bust-eu,p50,-0.203192,491.289814,0.900250,0.000000
2002,84.474058,bust-eu,p50,-0.203192,491.289814,0.900250,0.000000
2003,84.333929,bust-eu,p50,-0.203192,491.289814,0.900250,0.000000
2004,84.331267,bust-eu,p50,-0.203192,491.289814,0.900250,0.000000
2005,84.308232,bust-eu,p50,-0.203192,491.289814,0.900250,0.000000
2006,84.268193,bust-eu,p50,-0.203192,491.289814,0.900250,0.000000
2007,84.139907,bust-eu,p50,-0.203192,491.289814,0.900250,0.000000
2008,82.709141,bust-eu,p50,-0.203192,491.289814,0.900250,0.000000
2009,82.820844,bust-eu,p50,-0.203192,491.289814,0.900250,0.000000
2010,82.043758,bust-eu,p50,-0.203192,491.289814,0.900250,0.000000
2011,81.964213,bust-eu,p50,-0.203192,491.289814,0.900250,0.000000
2012,81.941745,bust-eu,p50,-0.203192,491.289814,0.900250,0.000000
2013,82.007757,bust-eu,p50,-0.203192,491.289814,0.900250,0.000000
2014,81.469687,bust-eu,p50,-0.203192,491.289814,0.900250,0.000000
2015,81.252026,bust-eu,p50,-0.203192,491.289814,0.900250,0.000000
2016,81.367917,bust-eu,p50,-0.203192,491.289814,0.900250,0.000000
2017,81.431290,bust-eu,p50,-0.203192,491.289814,0.900250,0.000000
2018,81.200519,bust-eu,p50,-0.203192,491.289814,0.900250,0.000000
2019,80.710671,bust-eu,p50,-0.203192,491.289814,0.900250,0.000000
2020,80.696606,bust-eu,p50,-0.203192,491.289814,0.900250,0.000000
2021,81.010472,bust-eu,p50,-0.203192,491.289814,0.900250,0.000000
2022,80.726567,bust-eu,p50,-0.203192,491.289814,0.900250,0.000000
2023,80.929065,bust-eu,p50,-0.203192,491.289814,0.900250,0.000000
2024,80.986691,bust-eu,p50,-0.203192,491.289814,0.900250,0.000000
2000,61.000000,waist-eu,p50,-0.012975,87.021274,0.385465,0.000927
2001,61.000000,waist-eu,p50,-0.012975,87.021274,0.385465,0.000927
2002,61.000000,waist-eu,p50,-0.012975,87.021274,0.385465,0.000927
2003,61.000000,waist-eu,p50,-0.012975,87.021274,0.385465,0.000927
2004,61.000000,waist-eu,p50,-0.012975,87.021274,0.385465,0.000927
2005,61.000000,waist-eu,p50,-0.012975,87.021274,0.385465,0.000927
2006,61.000000,waist-eu,p50,-0.012975,87.021274,0.385465,0.000927
2007,61.000000,waist-eu,p50,-0.012975,87.021274,0.385465,0.000927
2008,61.000000,waist-eu,p50,-0.012975,87.021274,0.385465,0.000927
2009,61.000000,waist-eu,p50,-0.012975,87.021274,0.385465,0.000927
2010,61.000000,waist-eu,p50,-0.012975,87.021274,0.385465,0.000927
2011,61.000000,waist-eu,p50,-0.012975,87.021274,0.385465,0.000927
2012,61.000000,waist-eu,p50,-0.012975,87.021274,0.385465,0.000927
2013,61.000000,waist-eu,p50,-0.012975,87.021274,0.385465,0.000927
2014,61.000000,waist-eu,p50,-0.012975,87.021274,0.385465,0.000927
2015,61.000000,waist-eu,p50,-0.012975,87.021274,0.385465,0.000927
2016,61.000000,waist-eu,p50,-0.012975,87.021274,0.385465,0.000927
2017,60.713335,waist-eu,p50,-0.012975,87.021274,0.385465,0.000927
2018,60.780781,waist-eu,p50,-0.012975,87.021274,0.385465,0.000927
2019,60.547459,waist-eu,p50,-0.012975,87.021274,0.385465,0.000927
2020,60.537899,waist-eu,p50,-0.012975,87.021274,0.385465,0.000927
2021,60.903082,waist-eu,p50,-0.012975,87.021274,0.385465,0.000927
2022,60.649674,waist-eu,p50,-0.012975,87.021274,0.385465,0.000927
2023,60.738251,waist-eu,p50,-0.012975,87.021274,0.385465,0.000927
2024,61.000000,waist-eu,p50,-0.012975,87.021274,0.385465,0.000927
2000,89.000000,hips-eu,p50,-0.033672,156.036706,0.505778,0.000067
2001,88.964673,hips-eu,p50,-0.033672,156.036706,0.505778,0.000067
2002,88.997384,hips-eu,p50,-0.033672,156.036706,0.505778,0.000067
2003,88.919995,hips-eu,p50,-0.033672,156.036706,0.505778,0.000067
2004,88.956281,hips-eu,p50,-0.033672,156.036706,0.505778,0.000067
2005,88.122451,hips-eu,p50,-0.033672,156.036706,0.505778,0.000067
2006,88.121565,hips-eu,p50,-0.033672,156.036706,0.505778,0.000067
2007,88.114389,hips-eu,p50,-0.033672,156.036706,0.505778,0.000067
2008,88.124663,hips-eu,p50,-0.033672,156.036706,0.505778,0.000067
2009,88.180579,hips-eu,p50,-0.033672,156.036706,0.505778,0.000067
2010,88.134707,hips-eu,p50,-0.033672,156.036706,0.505778,0.000067
2011,88.139257,hips-eu,p50,-0.033672,156.036706,0.505778,0.000067
2012,88.126868,hips-eu,p50,-0.033672,156.036706,0.505778,0.000067
2013,88.159701,hips-eu,p50,-0.033672,156.036706,0.505778,0.000067
2014,88.189206,hips-eu,p50,-0.033672,156.036706,0.505778,0.000067
2015,88.073460,hips-eu,p50,-0.033672,156.036706,0.505778,0.000067
2016,88.078736,hips-eu,p50,-0.033672,156.036706,0.505778,0.000067
2017,88.093979,hips-eu,p50,-0.033672,156.036706,0.505778,0.000067
2018,88.090233,hips-eu,p50,-0.033672,156.036706,0.505778,0.000067
2019,88.057124,hips-eu,p50,-0.033672,156.036706,0.505778,0.000067
2020,88.079354,hips-eu,p50,-0.033672,156.036706,0.505778,0.000067
2021,88.225647,hips-eu,p50,-0.033672,156.036706,0.505778,0.000067
2022,88.076893,hips-eu,p50,-0.033672,156.036706,0.505778,0.000067
2023,88.095407,hips-eu,p50,-0.033672,156.036706,0.505778,0.000067
2024,88.115108,hips-eu,p50,-0.033672,156.036706,0.505778,0.000067
2000,17.630465,rfm,p50,-0.012753,42.889913,0.340660,0.002192
2001,17.616758,rfm,p50,-0.012753,42.889913,0.340660,0.002192
2002,17.368996,rfm,p50,-0.012753,42.889913,0.340660,0.002192
2003,17.355072,rfm,p50,-0.012753,42.889913,0.340660,0.002192
2004,17.358862,rfm,p50,-0.012753,42.889913,0.340660,0.002192
2005,17.358332,rfm,p50,-0.012753,42.889913,0.340660,0.002192
2006,17.084044,rfm,p50,-0.012753,42.889913,0.340660,0.002192
2007,17.100172,rfm,p50,-0.012753,42.889913,0.340660,0.002192
2008,17.114134,rfm,p50,-0.012753,42.889913,0.340660,0.002192
2009,17.191655,rfm,p50,-0.012753,42.889913,0.340660,0.002192
2010,17.222440,rfm,p50,-0.012753,42.889913,0.340660,0.002192
2011,17.245317,rfm,p50,-0.012753,42.889913,0.340660,0.002192
2012,17.164691,rfm,p50,-0.012753,42.889913,0.340660,0.002192
2013,17.209508,rfm,p50,-0.012753,42.889913,0.340660,0.002192
2014,17.203134,rfm,p50,-0.012753,42.889913,0.340660,0.002192
2015,17.198949,rfm,p50,-0.012753,42.889913,0.340660,0.002192
2016,17.222705,rfm,p50,-0.012753,42.889913,0.340660,0.002192
2017,17.094123,rfm,p50,-0.012753,42.889913,0.340660,0.002192
2018,17.125182,rfm,p50,-0.012753,42.889913,0.340660,0.002192
2019,16.946108,rfm,p50,-0.012753,42.889913,0.340660,0.002192
2020,17.185984,rfm,p50,-0.012753,42.889913,0.340660,0.002192
2021,17.227762,rfm,p50,-0.012753,42.889913,0.340660,0.002192
2022,16.976521,rfm,p50,-0.012753,42.889913,0.340660,0.002192
2023,17.256937,rfm,p50,-0.012753,42.889913,0.340660,0.002192
2024,17.307111,rfm,p50,-0.012753,42.889913,0.340660,0.002192
2000,84.210796,bust-eu,p25,-0.227616,538.617677,0.913724,0.000000
2001,82.818397,bust-eu,p25,-0.227616,538.617677,0.913724,0.000000
2002,82.988101,bust-eu,p25,-0.227616,538.617677,0.913724,0.000000
2003,84.000000,bust-eu,p25,-0.227616,538.617677,0.913724,0.000000
2004,82.756607,bust-eu,p25,-0.227616,538.617677,0.913724,0.000000
2005,82.288868,bust-eu,p25,-0.227616,538.617677,0.913724,0.000000
2006,81.439883,bust-eu,p25,-0.227616,538.617677,0.913724,0.000000
2007,81.114389,bust-eu,p25,-0.227616,538.617677,0.913724,0.000000
2008,81.224551,bust-eu,p25,-0.227616,538.617677,0.913724,0.000000
2009,81.000000,bust-eu,p25,-0.227616,538.617677,0.913724,0.000000
2010,81.000000,bust-eu,p25,-0.227616,538.617677,0.913724,0.000000
2011,80.383701,bust-eu,p25,-0.227616,538.617677,0.913724,0.000000
2012,80.377604,bust-eu,p25,-0.227616,538.617677,0.913724,0.000000
2013,80.257025,bust-eu,p25,-0.227616,538.617677,0.913724,0.000000
2014,80.189206,bust-eu,p25,-0.227616,538.617677,0.913724,0.000000
2015,80.178566,bust-eu,p25,-0.227616,538.617677,0.913724,0.000000
2016,79.860961,bust-eu,p25,-0.227616,538.617677,0.913724,0.000000
2017,79.807314,bust-eu,p25,-0.227616,538.617677,0.913724,0.000000
2018,78.990650,bust-eu,p25,-0.227616,538.617677,0.913724,0.000000
2019,78.303878,bust-eu,p25,-0.227616,538.617677,0.913724,0.000000
2020,78.155151,bust-eu,p25,-0.227616,538.617677,0.913724,0.000000
2021,79.010472,bust-eu,p25,-0.227616,538.617677,0.913724,0.000000
2022,78.542443,bust-eu,p25,-0.227616,538.617677,0.913724,0.000000
2023,78.833658,bust-eu,p25,-0.227616,538.617677,0.913724,0.000000
2024,78.618945,bust-eu,p25,-0.227616,538.617677,0.913724,0.000000
2000,59.471947,waist-eu,p25,-0.009699,78.782253,0.030056,0.407242
2001,58.646888,waist-eu,p25,-0.009699,78.782253,0.030056,0.407242
2002,58.709904,waist-eu,p25,-0.009699,78.782253,0.030056,0.407242
2003,59.555506,waist-eu,p25,-0.009699,78.782253,0.030056,0.407242
2004,59.600109,waist-eu,p25,-0.009699,78.782253,0.030056,0.407242
2005,59.056829,waist-eu,p25,-0.009699,78.782253,0.030056,0.407242
2006,59.121565,waist-eu,p25,-0.009699,78.782253,0.030056,0.407242
2007,59.082713,waist-eu,p25,-0.009699,78.782253,0.030056,0.407242
2008,59.204935,waist-eu,p25,-0.009699,78.782253,0.030056,0.407242
2009,59.594083,waist-eu,p25,-0.009699,78.782253,0.030056,0.407242
2010,59.347919,waist-eu,p25,-0.009699,78.782253,0.030056,0.407242
2011,60.000000,waist-eu,p25,-0.009699,78.782253,0.030056,0.407242
2012,60.000000,waist-eu,p25,-0.009699,78.782253,0.030056,0.407242
2013,60.000000,waist-eu,p25,-0.009699,78.782253,0.030056,0.407242
2014,60.000000,waist-eu,p25,-0.009699,78.782253,0.030056,0.407242
2015,59.377446,waist-eu,p25,-0.009699,78.782253,0.030056,0.407242
2016,59.078736,waist-eu,p25,-0.009699,78.782253,0.030056,0.407242
2017,59.093979,waist-eu,p25,-0.009699,78.782253,0.030056,0.407242
2018,59.050130,waist-eu,p25,-0.009699,78.782253,0.030056,0.407242
2019,59.000000,waist-eu,p25,-0.009699,78.782253,0.030056,0.407242
2020,59.039677,waist-eu,p25,-0.009699,78.782253,0.030056,0.407242
2021,58.951541,waist-eu,p25,-0.009699,78.782253,0.030056,0.407242
2022,58.824837,waist-eu,p25,-0.009699,78.782253,0.030056,0.407242
2023,58.869126,waist-eu,p25,-0.009699,78.782253,0.030056,0.407242
2024,59.000000,waist-eu,p25,-0.009699,78.782253,0.030056,0.407242
2000,86.578319,hips-eu,p25,-0.009871,106.434840,0.206748,0.022395
2001,86.561516,hips-eu,p25,-0.009871,106.434840,0.206748,0.022395
2002,86.635255,hips-eu,p25,-0.009871,106.434840,0.206748,0.022395
2003,87.011931,hips-eu,p25,-0.009871,106.434840,0.206748,0.022395
2004,87.034530,hips-eu,p25,-0.009871,106.434840,0.206748,0.022395
2005,86.489008,hips-eu,p25,-0.009871,106.434840,0.206748,0.022395
2006,86.560783,hips-eu,p25,-0.009871,106.434840,0.206748,0.022395
2007,86.557194,hips-eu,p25,-0.009871,106.434840,0.206748,0.022395
2008,86.500000,hips-eu,p25,-0.009871,106.434840,0.206748,0.022395
2009,86.564553,hips-eu,p25,-0.009871,106.434840,0.206748,0.022395
2010,86.567354,hips-eu,p25,-0.009871,106.434840,0.206748,0.022395
2011,86.569628,hips-eu,p25,-0.009871,106.434840,0.206748,0.022395
2012,86.563434,hips-eu,p25,-0.009871,106.434840,0.206748,0.022395
2013,86.500000,hips-eu,p25,-0.009871,106.434840,0.206748,0.022395
2014,86.545637,hips-eu,p25,-0.009871,106.434840,0.206748,0.022395
2015,86.748567,hips-eu,p25,-0.009871,106.434840,0.206748,0.022395
2016,86.539368,hips-eu,p25,-0.009871,106.434840,0.206748,0.022395
2017,86.356668,hips-eu,p25,-0.009871,106.434840,0.206748,0.022395
2018,86.500000,hips-eu,p25,-0.009871,106.434840,0.206748,0.022395
2019,86.500000,hips-eu,p25,-0.009871,106.434840,0.206748,0.022395
2020,86.500000,hips-eu,p25,-0.009871,106.434840,0.206748,0.022395
2021,86.602154,hips-eu,p25,-0.009871,106.434840,0.206748,0.022395
2022,86.324837,hips-eu,p25,-0.009871,106.434840,0.206748,0.022395
2023,86.416829,hips-eu,p25,-0.009871,106.434840,0.206748,0.022395
2024,86.621763,hips-eu,p25,-0.009871,106.434840,0.206748,0.022395
2000,16.502269,rfm,p25,-0.017902,52.066843,0.326592,0.002843
2001,16.222475,rfm,p25,-0.017902,52.066843,0.326592,0.002843
2002,15.805945,rfm,p25,-0.017902,52.066843,0.326592,0.002843
2003,16.304568,rfm,p25,-0.017902,52.066843,0.326592,0.002843
2004,16.323872,rfm,p25,-0.017902,52.066843,0.326592,0.002843
2005,15.788794,rfm,p25,-0.017902,52.066843,0.326592,0.002843
2006,15.961426,rfm,p25,-0.017902,52.066843,0.326592,0.002843
2007,16.110170,rfm,p25,-0.017902,52.066843,0.326592,0.002843
2008,16.054893,rfm,p25,-0.017902,52.066843,0.326592,0.002843
2009,16.212712,rfm,p25,-0.017902,52.066843,0.326592,0.002843
2010,16.233468,rfm,p25,-0.017902,52.066843,0.326592,0.002843
2011,16.255801,rfm,p25,-0.017902,52.066843,0.326592,0.002843
2012,16.251736,rfm,p25,-0.017902,52.066843,0.326592,0.002843
2013,16.338011,rfm,p25,-0.017902,52.066843,0.326592,0.002843
2014,16.236746,rfm,p25,-0.017902,52.066843,0.326592,0.002843
2015,16.010568,rfm,p25,-0.017902,52.066843,0.326592,0.002843
2016,15.908681,rfm,p25,-0.017902,52.066843,0.326592,0.002843
2017,15.959169,rfm,p25,-0.017902,52.066843,0.326592,0.002843
2018,15.959108,rfm,p25,-0.017902,52.066843,0.326592,0.002843
2019,15.795129,rfm,p25,-0.017902,52.066843,0.326592,0.002843
2020,15.713611,rfm,p25,-0.017902,52.066843,0.326592,0.002843
2021,15.783697,rfm,p25,-0.017902,52.066843,0.326592,0.002843
2022,15.635646,rfm,p25,-0.017902,52.066843,0.326592,0.002843
2023,15.851286,rfm,p25,-0.017902,52.066843,0.326592,0.002843
2024,15.994838,rfm,p25,-0.017902,52.066843,0.326592,0.002843
2000,81.246584,bust-eu,p10,-0.275850,633.717098,0.930324,0.000000
2001,81.002477,bust-eu,p10,-0.275850,633.717098,0.930324,0.000000
2002,81.298596,bust-eu,p10,-0.275850,633.717098,0.930324,0.000000
2003,81.324512,bust-eu,p10,-0.275850,633.717098,0.930324,0.000000
2004,81.131049,bust-eu,p10,-0.275850,633.717098,0.930324,0.000000
2005,81.000000,bust-eu,p10,-0.275850,633.717098,0.930324,0.000000
2006,81.000000,bust-eu,p10,-0.275850,633.717098,0.930324,0.000000
2007,80.183716,bust-eu,p10,-0.275850,633.717098,0.930324,0.000000
2008,79.441874,bust-eu,p10,-0.275850,633.717098,0.930324,0.000000
2009,79.503571,bust-eu,p10,-0.275850,633.717098,0.930324,0.000000
2010,79.190419,bust-eu,p10,-0.275850,633.717098,0.930324,0.000000
2011,79.196810,bust-eu,p10,-0.275850,633.717098,0.930324,0.000000
2012,79.126868,bust-eu,p10,-0.275850,633.717098,0.930324,0.000000
2013,79.000000,bust-eu,p10,-0.275850,633.717098,0.930324,0.000000
2014,79.091274,bust-eu,p10,-0.275850,633.717098,0.930324,0.000000
2015,78.576326,bust-eu,p10,-0.275850,633.717098,0.930324,0.000000
2016,78.210445,bust-eu,p10,-0.275850,633.717098,0.930324,0.000000
2017,77.337311,bust-eu,p10,-0.275850,633.717098,0.930324,0.000000
2018,76.200519,bust-eu,p10,-0.275850,633.717098,0.930324,0.000000
2019,75.629065,bust-eu,p10,-0.275850,633.717098,0.930324,0.000000
2020,75.617253,bust-eu,p10,-0.275850,633.717098,0.930324,0.000000
2021,76.000000,bust-eu,p10,-0.275850,633.717098,0.930324,0.000000
2022,75.649674,bust-eu,p10,-0.275850,633.717098,0.930324,0.000000
2023,75.833658,bust-eu,p10,-0.275850,633.717098,0.930324,0.000000
2024,75.871583,bust-eu,p10,-0.275850,633.717098,0.930324,0.000000
2000,58.486460,waist-eu,p10,-0.006509,71.174833,0.093459,0.137242
2001,58.000000,waist-eu,p10,-0.006509,71.174833,0.093459,0.137242
2002,58.074649,waist-eu,p10,-0.006509,71.174833,0.093459,0.137242
2003,58.065267,waist-eu,p10,-0.006509,71.174833,0.093459,0.137242
2004,58.065525,waist-eu,p10,-0.006509,71.174833,0.093459,0.137242
2005,58.000000,waist-eu,p10,-0.006509,71.174833,0.093459,0.137242
2006,58.060783,waist-eu,p10,-0.006509,71.174833,0.093459,0.137242
2007,58.000000,waist-eu,p10,-0.006509,71.174833,0.093459,0.137242
2008,58.000000,waist-eu,p10,-0.006509,71.174833,0.093459,0.137242
2009,58.000000,waist-eu,p10,-0.006509,71.174833,0.093459,0.137242
2010,58.067354,waist-eu,p10,-0.006509,71.174833,0.093459,0.137242
2011,58.471223,waist-eu,p10,-0.006509,71.174833,0.093459,0.137242
2012,58.470166,waist-eu,p10,-0.006509,71.174833,0.093459,0.137242
2013,58.204484,waist-eu,p10,-0.006509,71.174833,0.093459,0.137242
2014,58.000000,waist-eu,p10,-0.006509,71.174833,0.093459,0.137242
2015,58.000000,waist-eu,p10,-0.006509,71.174833,0.093459,0.137242
2016,58.000000,waist-eu,p10,-0.006509,71.174833,0.093459,0.137242
2017,58.000000,waist-eu,p10,-0.006509,71.174833,0.093459,0.137242
2018,58.000000,waist-eu,p10,-0.006509,71.174833,0.093459,0.137242
2019,58.000000,waist-eu,p10,-0.006509,71.174833,0.093459,0.137242
2020,58.000000,waist-eu,p10,-0.006509,71.174833,0.093459,0.137242
2021,58.000000,waist-eu,p10,-0.006509,71.174833,0.093459,0.137242
2022,58.000000,waist-eu,p10,-0.006509,71.174833,0.093459,0.137242
2023,58.000000,waist-eu,p10,-0.006509,71.174833,0.093459,0.137242
2024,58.000000,waist-eu,p10,-0.006509,71.174833,0.093459,0.137242
2000,86.486460,hips-eu,p10,-0.011316,108.797730,0.324947,0.002930
2001,86.076082,hips-eu,p10,-0.011316,108.797730,0.324947,0.002930
2002,86.074649,hips-eu,p10,-0.011316,108.797730,0.324947,0.002930
2003,86.065267,hips-eu,p10,-0.011316,108.797730,0.324947,0.002930
2004,86.399891,hips-eu,p10,-0.011316,108.797730,0.324947,0.002930
2005,86.000000,hips-eu,p10,-0.011316,108.797730,0.324947,0.002930
2006,86.000000,hips-eu,p10,-0.011316,108.797730,0.324947,0.002930
2007,86.000000,hips-eu,p10,-0.011316,108.797730,0.324947,0.002930
2008,86.000000,hips-eu,p10,-0.011316,108.797730,0.324947,0.002930
2009,86.000000,hips-eu,p10,-0.011316,108.797730,0.324947,0.002930
2010,86.000000,hips-eu,p10,-0.011316,108.797730,0.324947,0.002930
2011,86.000000,hips-eu,p10,-0.011316,108.797730,0.324947,0.002930
2012,86.000000,hips-eu,p10,-0.011316,108.797730,0.324947,0.002930
2013,86.000000,hips-eu,p10,-0.011316,108.797730,0.324947,0.002930
2014,86.000000,hips-eu,p10,-0.011316,108.797730,0.324947,0.002930
2015,86.000000,hips-eu,p10,-0.011316,108.797730,0.324947,0.002930
2016,86.000000,hips-eu,p10,-0.011316,108.797730,0.324947,0.002930
2017,86.000000,hips-eu,p10,-0.011316,108.797730,0.324947,0.002930
2018,86.000000,hips-eu,p10,-0.011316,108.797730,0.324947,0.002930
2019,86.000000,hips-eu,p10,-0.011316,108.797730,0.324947,0.002930
2020,86.000000,hips-eu,p10,-0.011316,108.797730,0.324947,0.002930
2021,86.000000,hips-eu,p10,-0.011316,108.797730,0.324947,0.002930
2022,85.649674,hips-eu,p10,-0.011316,108.797730,0.324947,0.002930
2023,86.000000,hips-eu,p10,-0.011316,108.797730,0.324947,0.002930
2024,86.000000,hips-eu,p10,-0.011316,108.797730,0.324947,0.002930
2000,15.096752,rfm,p10,-0.008886,32.671632,0.100221,0.123119
2001,14.651849,rfm,p10,-0.008886,32.671632,0.100221,0.123119
2002,14.725990,rfm,p10,-0.008886,32.671632,0.100221,0.123119
2003,14.732375,rfm,p10,-0.008886,32.671632,0.100221,0.123119
2004,14.859306,rfm,p10,-0.008886,32.671632,0.100221,0.123119
2005,14.656961,rfm,p10,-0.008886,32.671632,0.100221,0.123119
2006,14.736154,rfm,p10,-0.008886,32.671632,0.100221,0.123119
2007,14.689103,rfm,p10,-0.008886,32.671632,0.100221,0.123119
2008,14.686089,rfm,p10,-0.008886,32.671632,0.100221,0.123119
2009,14.902667,rfm,p10,-0.008886,32.671632,0.100221,0.123119
2010,15.095851,rfm,p10,-0.008886,32.671632,0.100221,0.123119
2011,15.102846,rfm,p10,-0.008886,32.671632,0.100221,0.123119
2012,15.200558,rfm,p10,-0.008886,32.671632,0.100221,0.123119
2013,15.210993,rfm,p10,-0.008886,32.671632,0.100221,0.123119
2014,14.983051,rfm,p10,-0.008886,32.671632,0.100221,0.123119
2015,14.822554,rfm,p10,-0.008886,32.671632,0.100221,0.123119
2016,14.619335,rfm,p10,-0.008886,32.671632,0.100221,0.123119
2017,14.607395,rfm,p10,-0.008886,32.671632,0.100221,0.123119
2018,14.655262,rfm,p10,-0.008886,32.671632,0.100221,0.123119
2019,14.680914,rfm,p10,-0.008886,32.671632,0.100221,0.123119
2020,14.781177,rfm,p10,-0.008886,32.671632,0.100221,0.123119
2021,14.605694,rfm,p10,-0.008886,32.671632,0.100221,0.123119
2022,14.526403,rfm,p10,-0.008886,32.671632,0.100221,0.123119
2023,14.565004,rfm,p10,-0.008886,32.671632,0.100221,0.123119
2024,14.639736,rfm,p10,-0.008886,32.671632,0.100221,0.123119
